Item,pos_weight
"can_be_brown,_black,_white,_grey",9.75
can_be_fed,1.457142857142857
can_be_lethal_to_man,3.526315789473684
can_be_taught_tricks,11.285714285714286
can_eat_people,13.333333333333334
can_live_for_a_long_time_without_food,7.6
can_open_its_tail,85.0
children_like_to_catch_them,27.666666666666668
collects_nuts,85.0
comes_up_when_it_rains,27.666666666666668
crawls_up_trees,7.6
descends_from_wolves,85.0
does_not_smell_well,2.5833333333333335
doesn't_herd,1.5294117647058822
eats_berries,20.5
eats_hay,6.166666666666667
eats_salad,3.0952380952380953
external_skeleton,85.0
fluffy,11.285714285714286
good_sense_of_smell,2.3076923076923075
has_a_'collar'_in_its_neck,42.0
has_a_flat_head,9.75
has_an_oval_shape,27.666666666666668
has_downy_hair,85.0
has_fat_legs,6.818181818181818
has_gnawing_teeth,16.2
has_legs,42.0
has_small_paws,2.0714285714285716
has_winter_and_summerfur,3.7777777777777777
in_a_terrarium,9.75
"in_dutch_expression:_once_bitten,_twice_shy",85.0
Indians_or_Afrikan,1.15
is_a_type_of_fly,85.0
is_also_referred_to_as_eel,85.0
is_coloured,0.8695652173913043
is_cute_when_it's_young,2.909090909090909
is_difficult_to_remove_from_one's_body,27.666666666666668
is_eaten_as_first-course,85.0
is_female,42.0
is_found_in_earth,13.333333333333334
is_mostly_grey_brown,11.285714285714286
is_not_a_pet,0.9111111111111111
is_not_poisonous,0.8695652173913043
is_popular_and_appreciated,2.5833333333333335
is_seasonal,13.333333333333334
is_short_haired,3.0952380952380953
is_spectacular,0.8695652173913043
is_the_main_character_in_'Flipper',85.0
is_unhygienic,85.0
is_used_as_food_for_reptiles,13.333333333333334
is_used_to_make_cod-liver_oil,85.0
it_is_sometimes_put_in_a_basket,20.5
kind_of_alligator,85.0
known_laying_in_supplies_for_the_winter,11.285714285714286
lays_frogspawn,85.0
leaves_stains_on_one's_skin,16.2
likes_humidity,4.0588235294117645
lives_among_human_beings,4.0588235294117645
lives_in_a_dolfinarium,85.0
lives_in_distant_countries,0.8695652173913043
lives_in_dry_areas,3.7777777777777777
lives_in_Europe,1.3888888888888888
long_hair,6.818181818181818
looks_clumsy,8.555555555555555
looks_like_a_mosquito,42.0
looks_like_a_snail,42.0
loves_wood,27.666666666666668
makes_ant_hills_in_sand/earth,85.0
more_used_in_agriculture_in_the_past,16.2
mousetrap,85.0
often_used_as_guard,85.0
opens_its_tail_when_it_is_scared,85.0
related_to_wasp,85.0
skilful_person,85.0
slaughtered_as_sacrifice,27.666666666666668
small_ears,1.3888888888888888
smaller_than_a_horse,1.0
timid_animal,4.733333333333333
uses_pollen_from_flowers,85.0
vomits_pellets,42.0
wags,42.0
always_lands_on_its_paws,27.666666666666668
bleats,85.0
breaths_under_water,20.5
can_be_disadvantageous_to_harvest,16.2
can_be_seen_on_safaris,3.0952380952380953
can_be_used_in_a_salad,42.0
can_do_without_water_for_long_periods,0.9111111111111111
can_kill_people,3.3
can_turn_his_head_very_far,85.0
descend_from_the_dinosaur,11.285714285714286
doesn't_have_1000_paws,0.8695652173913043
earths,11.285714285714286
eats_frogs,27.666666666666668
eats_from_flowers,20.5
eats_plant_lice,42.0
especially_lives_in_the_country,4.0588235294117645
floats_on_water,16.2
goes_from_flower_to_flower,85.0
goes_slowely,7.6
grazes,7.6
has_a_head,0.8695652173913043
has_a_hump_to_store_water,85.0
has_a_mouth,0.8695652173913043
has_hierarchy,11.285714285714286
has_large_front_teeth,11.285714285714286
has_little_eyes,2.44
has_rings,27.666666666666668
has_several_gaits_ao_gallop,85.0
has_warts,85.0
is_beige,16.2
is_blue,42.0
is_cause_for_arachnophobia,85.0
is_collected,8.555555555555555
is_eaten_(with_plums),85.0
is_eaten_with_tomato_sauce,42.0
is_found_all_around_the_world,3.526315789473684
is_found_in_clothing,85.0
is_found_mainly_in_southern_countries,3.0952380952380953
is_good_for_soil,85.0
is_large_and_fat,20.5
is_medium-sized,1.606060606060606
is_not_expensive,1.8666666666666667
is_sandy-coloured,11.285714285714286
is_slaughtered,5.142857142857143
is_used_in_fights,85.0
lives_in_the_primaeval_forest,2.739130434782609
"long_hind_legs,_short_forelegs",20.5
looks_like_a_salamander,42.0
neighs,85.0
neutral_scent,1.0
not_friendly_with_dogs,85.0
often_sits_under_a_piece_of_wood,20.5
pig_nose,85.0
resembles_cows,42.0
resembles_humans,85.0
rough,6.818181818181818
short_front_legs,2.0714285714285716
sleeps_on_a_stick,85.0
term_of_abuse_(in_dutch),11.285714285714286
was_used_in_medical_science_in_earlier_times,85.0
when_small_piglet,85.0
appears_in_the_tv-programme_Skippy,85.0
attacks,3.526315789473684
attic,20.5
can_be_killed_with_a_fly_swatter,7.6
carries_iets_child_in_a_pouch,85.0
cattle-like_animal,42.0
digs_holes,6.166666666666667
eats_bananas,85.0
eats_everything,27.666666666666668
eats_fruit,4.0588235294117645
especially_occurs_in_the_winter,42.0
gnaws_on_everything,16.2
hard,13.333333333333334
has_a_pungent_smell,11.285714285714286
has_a_tongue,0.8695652173913043
has_big_claws_,11.285714285714286
has_black_eyes,1.0
has_many_teeth,1.7741935483870968
has_pointy_ears,5.142857142857143
has_round_eyes,0.8695652173913043
has_several_stomachs,42.0
has_sharp_claws,3.526315789473684
has_suckers,20.5
hunts_chicken,20.5
is_a_delicacy,16.2
is_an_articulate_animal,6.818181818181818
is_baked,5.615384615384615
is_difficult_to_catch,1.3888888888888888
is_greasy,13.333333333333334
is_healthy,20.5
is_light,2.3076923076923075
is_lithe,5.615384615384615
is_not_verry_big,2.185185185185185
is_sold_at_the_market,6.166666666666667
jumps_in_the_water,20.5
laong_teeth,4.375
leading_figures_in_Jurassic_Parc,85.0
lies_motionless_in_the_water,27.666666666666668
lives_in_nests,42.0
lives_on_the_ground,1.0476190476190477
lives_on_the_steppe,1.7741935483870968
male_cow_=_bull,85.0
miaows,85.0
often_used_as_laboratory_animal,13.333333333333334
resembles_a_worm,85.0
shot_for_its_skin,6.166666666666667
sometimes_lives_in_church_towers_,85.0
spring,13.333333333333334
swings_from_tree_to_tree,85.0
tands_in_the_crib_(xmass),27.666666666666668
used_as_a_draught_animal,9.75
usually_has_one_young_at_a_time,3.526315789473684
wild_animal,1.8666666666666667
you_can_boil_it,0.8695652173913043
zebra_crossing_(pedestrian-),85.0
also_lives_in_the_city,3.7777777777777777
blows_up_its_cheeks,27.666666666666668
brays,85.0
can_be_cured,27.666666666666668
can_climb_up_a_wall,4.375
comes_up_to_the_surface_for_air,11.285714285714286
does_not_lay_eggs,2.185185185185185
eats_acorns,27.666666666666668
eats_chicken,16.2
eats_people,13.333333333333334
especially_lives_at_the_coast,42.0
family_of_the_camel,85.0
flat_tail,85.0
fragile,0.8695652173913043
has_beady_eyes,42.0
has_poison_fangs,42.0
is_aggressive,6.166666666666667
is_bluish_grey,27.666666666666668
is_first_a_tadpole,85.0
is_friendly,4.0588235294117645
is_good_for_the_environment,27.666666666666668
is_hermaphrodite,85.0
is_white/brown,7.6
likes_to_eat_carrots,13.333333333333334
lives_in_families,3.7777777777777777
lives_in_the_open_air,0.8695652173913043
lives_outdoors,0.8695652173913043
looks_like_a_crocodile,27.666666666666668
lots_of_hair,3.7777777777777777
mothballs_as_a_remedy,85.0
moves_by_contracting,27.666666666666668
runs_in_a_mill,42.0
savanne,4.375
sits_on_fruit,27.666666666666668
small_cows_are_calfs,85.0
smells_blood,42.0
some_people_are_allergic_to_it,1.3888888888888888
the_legs_are_eaten,85.0
can_be_found_in_the_ardennes,1.9655172413793103
chews_the_cud,20.5
climbs_in_trees,6.818181818181818
comes_to_the_surface_when_it_rains,20.5
eats_cheese,20.5
has_a_large_tail,6.166666666666667
has_a_long_nose_in_the_shape_of_a_sword,42.0
has_a_small_head,2.739130434782609
has_ribs,42.0
indians_hunted_it,16.2
is_a_type_of_beetle,85.0
is_an_exotic_animal,3.3
is_athrodopal,6.166666666666667
is_eaten_on_festive_dinners,13.333333333333334
is_expensive,16.2
is_food_for_larger_animals,2.0714285714285716
is_found_in_warm_places,0.9545454545454546
is_red_or_black,85.0
is_scary,85.0
is_very_active,4.733333333333333
lays_eggs_in_sand,11.285714285714286
lies_on_the_sea-floor,85.0
lives_in_a_swamp,8.555555555555555
makes_a_recognizable_sound,4.0588235294117645
protected_species,4.375
seems_mean,4.733333333333333
stands_in_the_stable,16.2
takes_good_care_of_her_children,6.818181818181818
typical_ennemy_of_a_cat,42.0
used_in_research,13.333333333333334
becomes_a_butterfly,85.0
carries_over_diseases,8.555555555555555
drinks_water,0.8695652173913043
eats_flies,8.555555555555555
eats_nectar,42.0
has_a_pointed_snout,5.615384615384615
has_a_rough_skin,7.6
has_a_woollen_fur,42.0
has_bright_colours,5.615384615384615
has_two_ears,1.0
has_young_=_cubs,27.666666666666668
howls,85.0
is_eaten_by_other_animals,0.8695652173913043
is_found_in_Belgium,0.8695652173913043
is_found_on_animals,0.8695652173913043
is_served_in_a_restaurant,5.142857142857143
large_nostrils,6.166666666666667
lazy,6.166666666666667
lives_in_a_hive,85.0
lives_in_the_polar_regions,20.5
lives_nearby_ponds,20.5
looks_like_a_lizard,20.5
moos,85.0
produces_blub-sound,42.0
says_heehaw,85.0
swallows_its_prey_in_its_entirety,27.666666666666668
waddles,42.0
can_become_pest,4.375
can_loose_its_tail,16.2
catches_mice,20.5
difficult_to_exterminate,13.333333333333334
doesn't_sting,0.9111111111111111
extracts_nectar_from_flowers,42.0
has_a_beautiful_tail,20.5
has_a_red_dewlap,85.0
has_eight_arms,85.0
hides_easily,3.3
intelligent,16.2
is_afraid_of_people,5.142857142857143
is_good_at_diving,16.2
"is_grey,_black_and_white",11.285714285714286
leaves_stings,9.75
often_sits_in_parks,2.3076923076923075
often_sits_still,8.555555555555555
prey,0.8695652173913043
produces_nits,85.0
stubborn,16.2
swims_in_rivers,9.75
the_male_occurs_in_different_colours,20.5
wakes_up,85.0
can_be_caught,0.8695652173913043
can_be_won_at_a_fair,85.0
can_cause_much_hinder,2.185185185185185
can_purr,27.666666666666668
exists_for_ages,0.8695652173913043
family_of_the_horse,27.666666666666668
has_an_airhole,42.0
has_an_udder,27.666666666666668
is_a_carnivore_and_herbivore,20.5
is_bigger_than_a_chicken,2.185185185185185
is_lethal,8.555555555555555
is_round,27.666666666666668
is_silvery,27.666666666666668
is_used_on_pizza's,42.0
lives_in_caves,11.285714285714286
lives_in_the_dark,11.285714285714286
lives_in_tropical_waters,27.666666666666668
lives_on_the_north_pole,16.2
loyal,27.666666666666668
roar,27.666666666666668
appears_in_songs,4.375
builds_dams,85.0
can_be_trained,8.555555555555555
can_climb_well,6.818181818181818
can_see_in_the_dark,3.526315789473684
doesn't_live_on_land,27.666666666666668
eats_nuts,16.2
gets_lambs,85.0
has_camouflage,4.0588235294117645
has_long_hind_legs,8.555555555555555
is_found_in_advertising_or_as_brand_,4.0588235294117645
is_not_eaten,0.8695652173913043
is_vermin,8.555555555555555
is_yellow_with_brown_spots,85.0
live_in_the_mountains,4.0588235294117645
lives_in_America,0.8695652173913043
lives_in_unhygienic_places,16.2
makes_a_strange_noise,13.333333333333334
striped,16.2
comes_out_of_a_cocoon,85.0
communicates_with_its_congeners,0.8695652173913043
cumbersome,9.75
family_of_the_dog,85.0
flutters,85.0
has_a_horn,85.0
has_a_small_tail,5.615384615384615
has_horns,20.5
has_two_wings,20.5
is_a_symbol_for_peace,85.0
is_dumb,9.75
"is_grey,_brown_or_white",1.263157894736842
is_initially_a_caterpillar_,85.0
is_killed_by_man,6.166666666666667
is_messy,11.285714285714286
is_often_found_under_rocks,13.333333333333334
is_smart,13.333333333333334
lives_in_fields,2.5833333333333335
turns_in_its_shell_in_danger,85.0
writhes_(twists),9.75
beautiful_colours,11.285714285714286
big_ears,6.818181818181818
bleats,85.0
can_be_cooked_in_different_ways,8.555555555555555
can_be_dangerous,1.7741935483870968
compound_eyes,6.818181818181818
creaks_when_killed,8.555555555555555
curly_tail,85.0
has_a_fin_on_its_back,85.0
has_a_sharp_view,85.0
has_queen,27.666666666666668
is_a_type_of_bee,42.0
is_a_type_of_butterfly,42.0
is_also_a_sharp,85.0
is_found_in_the_garden,3.3
kind_of_crocodile,42.0
kind_of_lizard,16.2
occasionally_washes_ashore,42.0
skin_can_be_used_for_clothes,5.142857142857143
somtimes_used_in_a_circus,7.6
squirts_water_through_an_airhole,42.0
tickles,27.666666666666668
eats_leaves_from_trees,7.6
eats_rats_and_mice,9.75
has_tusks,85.0
has_white_and_black_stripes,85.0
hibernates,11.285714285714286
is_found_on_plants,6.818181818181818
is_orange,42.0
is_popular_among_children,5.615384615384615
is_well_camouflaged,5.615384615384615
lays_big_eggs,27.666666666666668
live_alone,2.909090909090909
often_becoms_a_cat's_prey,27.666666666666668
predecessor_of_humans,85.0
shoes_and_handbags_are_made_of_it,16.2
you_can_find_them_in_homes,5.615384615384615
becomes_cocoon,85.0
can_live_to_a_ripe_old_age,13.333333333333334
has_antlers,85.0
is_a_character_in_Free_Willy,85.0
is_brown/black,5.615384615384615
is_dangerous_to_people,3.3
is_intelligent,13.333333333333334
is_reddish_brow,6.166666666666667
makes_a_sound_like_a_grunt,42.0
makes_holes_in_clothing,27.666666666666668
barks,85.0
graceful,7.6
grey-white,9.75
is_elongated,5.142857142857143
is_proud,13.333333333333334
"is_red,_brown",20.5
is_small,4.733333333333333
king_of_animals,85.0
likes_rolling_in_mud,13.333333333333334
makes_not_much_noise,1.606060606060606
reproduces_fast,4.733333333333333
spits,85.0
attaches_to_the_body,42.0
bushy_tail,42.0
has_whiskers,5.142857142857143
is_sly,8.555555555555555
is_specked,8.555555555555555
lives_on_when_split_in_half,85.0
makes_a_squeaky_sound,85.0
often_run_over_by_cars,13.333333333333334
sheared_for_wool,42.0
swims_in_aquariums,42.0
transferable,85.0
eats_bread,7.6
is_strong,3.7777777777777777
lives_in_a_hole,9.75
lives_in_australia,1.263157894736842
marsupial,85.0
rolls_up_in_danger,42.0
comes_up_to_light,20.5
has_long_ears,6.166666666666667
is_a_salt-water_fish,9.75
is_inconspicious,2.3076923076923075
is_used_in_competitions,13.333333333333334
is_used_in_shows,4.733333333333333
occurs_frequently,0.9111111111111111
sits_on_flowers,9.75
doesn't_live_long,7.6
feline,27.666666666666668
has_eight_paws,20.5
has_hoofs,7.6
is_found_in_hair,85.0
is_grisly,3.7777777777777777
resembles_horses,16.2
thick_skin,2.0714285714285716
used_as_a_beast_of_burden,16.2
can_be_aggressive,0.8695652173913043
eats_seed,85.0
has_a_big_bill,11.285714285714286
has_sharp_claws,8.555555555555555
is_cold-blooded,6.166666666666667
soft_fur,3.3
adores_sweetness,16.2
does_not_migrate_in_the_winter,0.8695652173913043
eats_mice,6.818181818181818
has_a_big_mouth,6.166666666666667
is_a_scavenging_animal,7.6
is_found_in_a_pond,16.2
is_funny,13.333333333333334
lives_in_a_damp_climate,4.733333333333333
makes_an_extremely_irritating_sound,13.333333333333334
strangles_its_prey,27.666666666666668
eats_small_animals,2.3076923076923075
has_a_hunch,85.0
has_a_trunk,85.0
is_not_very_popular_among_man,2.185185185185185
is_tinned,85.0
lives_by_the_sea,3.526315789473684
sheds_its_skin,6.818181818181818
shy,2.44
can_be_bred,0.8695652173913043
has_large_theeth,4.0588235294117645
has_manes,20.5
is_terrifying,3.0952380952380953
lives_in_the_jungle,1.9655172413793103
lives_on_land__,0.9545454545454546
strong_animal,3.0952380952380953
eats_grain,13.333333333333334
eats_plankton,9.75
gives_pain,5.615384615384615
has_a_split_tongue,16.2
has_eyes,0.8695652173913043
has_large_eyes,2.5833333333333335
has_teeth,0.8695652173913043
lives_in_cold_areas,4.733333333333333
makes_web,85.0
does_not_taste_well,1.0
has_a_sting,27.666666666666668
is_fin-footed,9.75
is_sometimes_eaten_by_man,1.3888888888888888
is_sweet_,1.8666666666666667
has_short_paws,1.3243243243243243
has_two_eyes,0.8695652173913043
lives_in_the_ocean,16.2
lives_under_the_ground,8.555555555555555
gives_milk,2.44
is_not_dangerous,1.0
stands_in_meadows,16.2
can't_fly,1.0476190476190477
cartoon_figure,1.9655172413793103
has_many_paws,7.6
has_prickles,85.0
incites_fear,2.739130434782609
is_exterminated,6.166666666666667
is_rare,4.733333333333333
lives_in_nature,0.9111111111111111
small_and_large_kinds,1.5294117647058822
doesn't_live_in_our_country,3.3
is_smooth,11.285714285714286
lives_on_land_and_sea,7.6
hunts,4.0588235294117645
lives_in_grass,1.263157894736842
lives_in_tropical_areas,1.0975609756097562
rodent,13.333333333333334
dark_colour,1.606060606060606
frightens_people,2.44
is_pink,42.0
occasionally_occurs_in_films,2.0714285714285716
feels_soft,3.3
has_a_fur_(in_dutch:_vacht),2.739130434782609
has_no_paws,13.333333333333334
is_slimy,8.555555555555555
is_ugly,2.739130434782609
makes_a_sharp_sound,11.285714285714286
is_an_amphibian,16.2
takes_on_the_colour_of_its_surroundings,16.2
doesn't_make_a_sound,2.44
has_a_long_tongue,5.615384615384615
is_eaten_by_birds,2.739130434782609
can_be_poisonous,16.2
eats_worms,5.142857142857143
has_claws,3.526315789473684
lives_in_the_desert,13.333333333333334
lives_nearby_the_water,5.142857142857143
makes_a_hissing_noise,27.666666666666668
is_poisonous,27.666666666666668
is_thik,11.285714285714286
lives_in_a_herd,5.615384615384615
you_can_ride_on_it,13.333333333333334
appears_in_fairy_tales_and_stories,1.0975609756097562
yellow,16.2
has_legs,1.0476190476190477
is_a_freshwater_fish,8.555555555555555
lives_in_the_wild,0.9111111111111111
does_not_live_in_Belgium,3.3
heavy,2.909090909090909
lives_on_a_farm,7.6
is_cute,4.375
is_irritating,4.375
quacks,85.0
makes_a_lot_of_clamor,4.733333333333333
sucks_blood,20.5
bites,1.457142857142857
can_jump_far,7.6
eats_grass,3.526315789473684
hairy,2.44
is_yellow_and_black,20.5
exists_in_different_sizes_and_kinds,0.8695652173913043
causes_itching,16.2
is_slow,2.909090909090909
is_green-brown,7.6
kind_of_snake,85.0
has_feelers,6.818181818181818
is_an_animal_of_prey,4.0588235294117645
lives_in_trees,6.818181818181818
lives_in_a_cage,5.142857142857143
is_flat,42.0
jumps,2.739130434782609
makes_a_sound,1.3243243243243243
can_have_different_colors,1.8666666666666667
has_long_paws,4.733333333333333
runs_fast,1.457142857142857
the_meat_is_eaten,0.9111111111111111
has_a_long_neck,16.2
stinks,1.6875
is_hunted,3.3
lives_in_warm_countries,0.8695652173913043
has_a_shield,20.5
has_a_long_tail,2.5833333333333335
buzzes,27.666666666666668
crawls,2.44
has_many_colours,2.3076923076923075
has_six_paws,8.555555555555555
is_beautiful,1.457142857142857
nocturnal_animal,9.75
is_a_carnivore,0.9111111111111111
is_long,3.0952380952380953
endangered_species,3.3
eats_plants,1.15
is_slippery,6.818181818181818
seen_mainly_in_summer,13.333333333333334
is_nasty,2.3076923076923075
stings,13.333333333333334
lives_in_Africa,0.8695652173913043
is_black_and_white,9.75
is_fished_for,42.0
has_sharp_teeth,4.375
is_fast,1.5294117647058822
is_tasty,11.285714285714286
there_are_many_kinds_of_it,0.8695652173913043
eats_insects,1.7741935483870968
builds_nests,2.185185185185185
has_gills,13.333333333333334
has_fins,42.0
is_white,6.818181818181818
lives_in_the_woods,1.9655172413793103
is_a_reptile,7.6
eats_fish,11.285714285714286
can_swim,4.375
is_a_pet,5.615384615384615
is_black,3.526315789473684
herds,1.3243243243243243
has_scales,7.6
lives_in_the_zoo,1.8666666666666667
has_a_tail,1.3888888888888888
lives_in_the_sea,20.5
is_green,6.818181818181818
is_dangerous,4.375
is_grey,3.7777777777777777
has_four_paws,1.6875
is_edible,0.9111111111111111
lives_in_water,9.75
has_wings,11.285714285714286
is_brown,1.3888888888888888
lays_eggs,3.0952380952380953
mammal,2.44
is_an_insect,6.818181818181818
can_fly,11.285714285714286
is_big,2.739130434782609
is_an_animal,0.8695652173913043
is_small,1.6875
accompagnies_(other)_music,13.333333333333334
also_called_crowbar,85.0
also_used_as_a_toy,5.142857142857143
arrives_in_a_port,16.2
baked_in_an_oven,27.666666666666668
be_used_to_hit_nails_into_the_wall,85.0
belongs_to_a_harnas,85.0
belongs_to_a_horse,85.0
belongs_to_De_lijn_(public_transportation_firm_in_Flanders),85.0
belongs_to_knife_and_fork,27.666666666666668
boils_water,42.0
both_hands_and_feet_are_used,8.555555555555555
both_large_and_small,1.15
bought_in_a_store,1.15
can_be_a_status_symbol,8.555555555555555
can_be_acoustic,13.333333333333334
can_be_automatized,13.333333333333334
can_be_bought_everywhere,6.166666666666667
can_be_bought_in_sports_store,85.0
can_be_brought_to_the_beach,27.666666666666668
can_be_carried,2.185185185185185
can_be_coloured,1.5294117647058822
can_be_connected_to_a_car,85.0
can_be_connected_to_an_amplifier,16.2
can_be_decorated,2.5833333333333335
can_be_dishwashed,1.9655172413793103
can_be_electronic,27.666666666666668
can_be_found_in_a_garage,5.142857142857143
can_be_held,2.0714285714285716
can_be_knotted,85.0
can_be_luxurious,8.555555555555555
can_be_made_of_different_materials,1.205128205128205
can_be_made_of_different_tissues,1.3243243243243243
can_be_opened,5.615384615384615
can_be_operated_from_the_age_of_16,27.666666666666668
can_be_operated_from_the_age_of_18,8.555555555555555
can_be_played_on,11.285714285714286
can_be_played_upon,13.333333333333334
can_be_plunked_upon,42.0
can_be_printed_with_a_design,4.375
can_be_seen_on_television,1.15
can_be_something_at_a_door,85.0
can_be_thick_or_thin,11.285714285714286
can_be_tuned,13.333333333333334
can_be_turned,42.0
can_be_used_as_weapon,3.7777777777777777
can_be_used_by_anyone,1.7741935483870968
can_be_used_for_stirring,85.0
can_be_used_on_two_sides,20.5
can_be_used_several_times,1.15
can_be_used_to_cut_nails,85.0
can_be_used_to_hang_something_from,11.285714285714286
can_be_used_to_hang_up_something,85.0
can_be_used_to_hit_somebody,6.818181818181818
can_be_used_to_prick_with,85.0
can_be_used_to_put_something_in,3.0952380952380953
can_be_used_to_threaten_somebody,7.6
can_be_written_on,85.0
can_be_written_on_with_chalk,85.0
can_become_dirty,1.15
can_break,1.15
can_break,1.606060606060606
can_break_stuff_open,20.5
can_burn_something_in_cooking,20.5
can_burn_you,20.5
can_crash,6.818181818181818
can_cut_you,16.2
can_defrost_food,85.0
can_drive_on_rough_roads,27.666666666666668
can_explode,6.818181818181818
can_get_rusty,1.8666666666666667
can_go_in_dishwasher,7.6
can_go_into_the_washing-machine,85.0
can_grill_two_sandwiches_at_once,85.0
can_harm,4.0588235294117645
can_hold_water,7.6
can_hurt,7.6
can_hurt_you,6.818181818181818
can_injure,3.526315789473684
can_produce_different_tones_at_once,16.2
can_produce_steam,16.2
can_save_lifes,42.0
can_sink,1.15
can_slide,85.0
can_sound_out_of_tune,20.5
can_stand_in_queue,16.2
can_work_as_defence,16.2
causes_accidents,4.733333333333333
causes_explosion,85.0
causes_traffic_jams,27.666666666666668
checkered,85.0
classical_instrument,13.333333333333334
classical_music,13.333333333333334
clips_together,85.0
closes_with_cork,85.0
comes_in_different_brands_and_models,1.15
comes_in_different_lengths,1.606060606060606
comes_in_different_patterns,6.166666666666667
comes_in_different_prints,4.0588235294117645
comes_in_very_handy,1.606060606060606
comes_in_very_handy_when_trying_to_avoid_a_traffic_jam,16.2
consists_of_different_parts,2.3076923076923075
consists_of_pants_and_sweater,85.0
consists_of_two_parts,7.6
constitutes_a_whole,1.15
contains_a_beverage,27.666666666666668
contains_bullets,85.0
contains_different_curved_bars,85.0
contains_liquid,20.5
contains_rice,27.666666666666668
costs_a_lot_of_money,3.7777777777777777
costs_money,1.15
creates_a_good_atmosphere,13.333333333333334
damages_delicate_surfaces,7.6
decorated_with_feathers,85.0
destroys,5.615384615384615
does_not_melt_in_high_temperature,1.9655172413793103
does_not_produce_sound,2.5833333333333335
does_not_weigh_much,2.185185185185185
don't_have_openings_between_fingers,2.44
driven_by_1_person,6.818181818181818
driven_by_a_truck_driver,85.0
driven_by_an_engine_driver,85.0
drivers_licence_not_required,20.5
drives_above_the_ground,7.6
drives_on_a_highway,27.666666666666668
drives_on_a_road,16.2
drives_on_fields,42.0
drives_on_land,11.285714285714286
emits_smoke,7.6
especially_played_by_older_people,85.0
especially_used_by_boys,4.375
especially_used_by_women,7.6
especially_used_for_vegetables,13.333333333333334
especially_used_with_nice_weather,13.333333333333334
everybody_has_it,4.0588235294117645
exists_in_different_brands,1.15
exists_in_different_colors,1.15
exists_in_different_colors_and_different_forms,1.15
exists_in_different_forms,1.15
exists_in_different_kinds,1.15
exists_in_different_lengths,1.606060606060606
exists_in_different_materials,1.457142857142857
exists_in_different_measurements,1.15
exists_in_different_sizes,1.15
exists_in_different_sizes,1.15
exists_in_different_thicknesses,3.3
exists_in_different_types,1.15
exists_in_pairs,85.0
featured_in_a_brass_band,42.0
featured_in_an_orchestra,13.333333333333334
featured_in_Tintin,20.5
feels_rough,42.0
fires_torpedos,20.5
flies,27.666666666666668
flies_high_in_the_sky,85.0
flies_in_the_sky,42.0
flies_low,27.666666666666668
floats,11.285714285714286
floats_on_water,20.5
for_fancy_occasions,16.2
for_sale_in_a_music_shop,13.333333333333334
forces_locks,27.666666666666668
found_in_a_tool_box,9.75
gets_warm,4.733333333333333
gives_a_nasty_sound,42.0
gives_a_recoil,85.0
gives_warmth,85.0
goes_down_to_great_depth,85.0
goes_fast,6.818181818181818
goes_slow,20.5
hangs_around_the_neck/shoulders,27.666666666666668
has_2_or_4_wheels,20.5
has_2_wheels,16.2
has_4_wheels,13.333333333333334
has_4x4_drive,85.0
has_a_bag_of_air,85.0
has_a_bed,20.5
has_a_bell,42.0
has_a_blade,42.0
has_a_brake,6.818181818181818
has_a_brake_in_the_back,11.285714285714286
has_a_button,5.142857142857143
has_a_cabin,9.75
has_a_cap,42.0
has_a_cap,42.0
has_a_clear_sound,20.5
has_a_clock,13.333333333333334
has_a_complex_shape,11.285714285714286
has_a_conductor,85.0
has_a_cross_or_flat_shape,27.666666666666668
has_a_dark_color,1.5294117647058822
has_a_dead_corner,16.2
has_a_deep_sound,42.0
has_a_driver,6.818181818181818
has_a_dull_sound,85.0
has_a_filter,13.333333333333334
has_a_flat_head,42.0
has_a_grillfunction,85.0
has_a_grip,3.3
has_a_grip_made_of_plastic,5.142857142857143
has_a_grip_made_of_wood,4.733333333333333
has_a_handle,5.142857142857143
has_a_head,5.615384615384615
has_a_heavy_engine,7.6
has_a_helm,27.666666666666668
has_a_hole,11.285714285714286
has_a_horn,9.75
has_a_keyboard,85.0
has_a_khaki_colour,4.733333333333333
has_a_kitchen,16.2
has_a_label,42.0
has_a_lid,20.5
has_a_lid,20.5
has_a_little_door,27.666666666666668
has_a_little_lamp,6.818181818181818
has_a_loading_space,8.555555555555555
has_a_looking_window,27.666666666666668
has_a_metal_blade,27.666666666666668
has_a_metal_head,6.818181818181818
has_a_metallic_color,1.9655172413793103
has_a_motor,7.6
has_a_mouthpiece,85.0
has_a_neck,6.818181818181818
has_a_negative_connotation,16.2
has_a_nozzle,42.0
has_a_periscope,85.0
has_a_place_to_sleep,9.75
has_a_plain_color,1.15
has_a_plug,85.0
has_a_point,16.2
has_a_problem_of_scale,20.5
has_a_propellor,16.2
has_a_roof_or_no_roof,27.666666666666668
has_a_saddle,85.0
has_a_sail,42.0
has_a_sharp_edge,27.666666666666668
has_a_sharp_point,13.333333333333334
has_a_shrill_sound,16.2
has_a_skin,85.0
has_a_sliding_door,42.0
has_a_smoking_and_non-smoking_space,27.666666666666668
has_a_soft_sound,20.5
has_a_sound_bell,42.0
has_a_sound_box_,42.0
has_a_spare_wheel_in_the_back,27.666666666666668
has_a_speed_restriction,8.555555555555555
has_a_steering_wheel,6.818181818181818
has_a_stick,85.0
has_a_straw,85.0
has_a_striking_color,5.615384615384615
has_a_tachometer,9.75
has_a_tail,85.0
has_a_temperature_switch,85.0
has_a_timer,85.0
has_a_trailer,20.5
has_a_trigger,16.2
has_a_turning_button,42.0
has_a_warm_sound,27.666666666666668
has_a_wicker_basket,85.0
has_a_wire,85.0
has_a_wire,42.0
has_a_wooden_handle,8.555555555555555
has_an_anchor,27.666666666666668
has_an_indicator,7.6
has_an_on/off_switch,42.0
has_at_least_4_wheels,11.285714285714286
has_automatic_doors,20.5
has_been_existing_for_a_long_time,1.3888888888888888
has_big_tires,16.2
has_big_wheeles,13.333333333333334
has_black_and_white_keys,85.0
has_black_keys,85.0
has_bright_colors,5.142857142857143
has_buttons,20.5
has_buttons,27.666666666666668
has_caterpillar_treads,85.0
has_different_additional_parts,42.0
has_different_compartments,42.0
has_different_lengths,1.8666666666666667
has_different_patterns,6.166666666666667
has_different_patterns,8.555555555555555
has_different_positions,11.285714285714286
has_doors,7.6
has_drums,85.0
has_electrical_wiring_on_the_top,85.0
has_first_and_second_class,20.5
has_floral_design,42.0
has_gears,6.818181818181818
has_gone_through_a_technological_revolution,4.375
has_great_power,7.6
has_hairs,85.0
has_holes,27.666666666666668
has_iron_on_the_bottom,2.739130434782609
has_knifes,85.0
has_lights,6.818181818181818
has_long_sleeves,85.0
has_many_buttons,8.555555555555555
has_nice_figures_on_it,13.333333333333334
has_no_engine,1.6875
has_no_roof,1.6875
has_no_smell,1.15
has_no_taste,1.15
has_non-stick_coating,42.0
has_patterns,11.285714285714286
has_pedals,11.285714285714286
has_poles_to_hold_on_to,27.666666666666668
has_priority_(right_of_way)_in_traffic,20.5
has_ribbons,20.5
has_seats,6.818181818181818
has_small_wheels,42.0
has_small_windows,11.285714285714286
has_smell_of_gasoline,9.75
has_snares,27.666666666666668
has_stinking_fumes,8.555555555555555
has_teeth,85.0
has_the_name_of_a_company_printed_on_it,1.3888888888888888
has_thick_tires,16.2
has_tires,9.75
has_to_be_put_in_socket,85.0
has_to_be_put_on_your_shoulder,85.0
has_to_be_sharpened_sometimes,42.0
has_to_be_tuned,27.666666666666668
has_to_be_washed_after_use,6.166666666666667
has_to_do_with_fire,85.0
has_to_do_with_nails,27.666666666666668
has_to_do_with_trees,85.0
has_to_do_with_walls,85.0
has_to_do_with_wood,27.666666666666668
has_tuning_forks,27.666666666666668
has_two_handles,20.5
has_two_legs,42.0
has_two_slots,27.666666666666668
has_two_straps,42.0
has_wagons,85.0
has_wheels,8.555555555555555
has_white_keys,85.0
has_windows,7.6
has_wings,85.0
hasn't_been_existing_for_such_a_long_time,6.166666666666667
hits_persons_(while_driving),16.2
I_never_use_it,3.526315789473684
implement/tool,1.15
indicates_the_rhythm,27.666666666666668
is_a_basic_tool,5.615384615384615
is_a_boat,27.666666666666668
is_a_brass_player,42.0
is_a_car,16.2
is_a_car,20.5
is_a_collector's_item,20.5
is_a_difficult_instrument,20.5
is_a_handtool,5.142857142857143
is_a_home_appliance,85.0
is_a_kind_of_public_transport,13.333333333333334
is_a_knife,85.0
is_a_lever,85.0
is_a_little_house,85.0
is_a_long_rod,27.666666666666668
is_a_lorry,85.0
is_a_luxury_article,20.5
is_a_machine,6.818181818181818
is_a_machine,6.818181818181818
is_a_material,85.0
is_a_means_of_power,42.0
is_a_means_of_transport_,6.166666666666667
is_a_means_of_transportation,6.166666666666667
is_a_musical_instrument,13.333333333333334
is_a_percussion_instrument,42.0
is_a_piece_of_equipment,2.3076923076923075
is_a_popular_instrument,20.5
is_a_safety_belt_for_in_a_car,85.0
is_a_sort_of_pan,85.0
is_a_sort_of_violin,85.0
is_a_string_instrument,27.666666666666668
is_a_string_instrument_with_a_bow,85.0
is_a_technological_tour_de_force,27.666666666666668
is_a_tool,5.142857142857143
is_a_toy,13.333333333333334
is_a_vehicle,6.166666666666667
is_a_verhicle_on_water,27.666666666666668
is_a_Western_utensil,20.5
is_a_wind_instrument,42.0
is_a_wind_instrument,85.0
is_a_woodwinds,85.0
is_agressive,13.333333333333334
is_always_part_of_a_band,42.0
is_an_English_word,85.0
is_an_object,1.15
is_an_old_instrument,13.333333333333334
is_available_for_each_price_range,1.15
is_awkward,42.0
is_beam-shaped,16.2
is_beautiful,9.75
is_bent,85.0
is_big,5.615384615384615
is_big_and_heavy,6.818181818181818
is_big_or_small,1.5294117647058822
is_bigger_than_a_car,8.555555555555555
is_black,2.909090909090909
is_black_and_white,85.0
is_bloody,13.333333333333334
is_blown__,27.666666666666668
is_blown_away_by_the_wind,42.0
is_blue,3.7777777777777777
is_blue-grey,2.5833333333333335
is_braided,42.0
is_brown,2.3076923076923075
is_busy,16.2
is_cheap,3.7777777777777777
is_chic,13.333333333333334
is_cold,4.375
is_colourful,4.375
is_comfortable,16.2
is_cool,16.2
is_crockery,16.2
is_curved,85.0
is_cylindrical,13.333333333333334
is_dangerous,6.166666666666667
is_dangerous_for_children,2.185185185185185
is_dangerous_for_the_fingers,8.555555555555555
is_dangerous_in_traffic,16.2
is_deep,42.0
is_derived_from_a__verb,5.142857142857143
is_durable,2.0714285714285716
is_easy,1.8666666666666667
is_easy_to_play,20.5
is_easy_to_wash,3.0952380952380953
is_easy_to_work_with,2.5833333333333335
is_efficient,2.909090909090909
is_elongated,3.7777777777777777
is_environmentally_friendly,85.0
is_expensive,3.7777777777777777
is_fairly_unknown,42.0
is_fashionable,42.0
is_faster_than_a_bycicle,7.6
is_feminine,16.2
is_firm,1.263157894736842
is_flat,6.166666666666667
is_flat_in_the_front,9.75
is_for_1_person,1.9655172413793103
is_for_2_people,16.2
is_for_all_ages,2.5833333333333335
is_for_at_least_1_person,1.457142857142857
is_for_dignified_occasions,16.2
is_for_few_persons,2.44
is_for_fun,9.75
is_for_multiple_persons,3.3
is_for_sturdy_guys,4.375
is_found_in_a_boat,16.2
is_found_in_a_museum,4.0588235294117645
is_found_in_a_workplace,4.375
is_fragile,8.555555555555555
is_from_the_stone_age,9.75
is_fun_,11.285714285714286
is_functional,1.15
is_given_a_present,27.666666666666668
is_golden,27.666666666666668
is_gracefull,11.285714285714286
is_greasy,27.666666666666668
is_green,2.909090909090909
is_grey,1.6875
is_handy_for_prisoners,11.285714285714286
is_handy_to_transport,1.5294117647058822
is_hard,1.205128205128205
is_hard_to_drive,8.555555555555555
is_hard_to_iron,1.205128205128205
is_hard_to_learn_to_use_it,4.733333333333333
is_hard_to_wash,3.3
is_hard_to_work_with,42.0
is_healthy,85.0
is_heat_resistant,4.375
is_heavy,3.0952380952380953
is_hollow,3.0952380952380953
is_horizontal,6.166666666666667
is_hygienic,85.0
is_invented_by_man,1.15
is_ironed,85.0
is_launched,42.0
is_lifeless,1.15
is_light,4.375
is_loaded,85.0
is_long,3.7777777777777777
is_long_and_narrow,6.166666666666667
is_loud,6.818181818181818
is_made_from_a_tree,5.615384615384615
is_made_in_a_factory,1.15
is_made_in_a_light_fabric,16.2
is_made_of_china,42.0
is_made_of_clay,27.666666666666668
is_made_of_copper,16.2
is_made_of_cotton,85.0
is_made_of_fabric,42.0
is_made_of_glass,16.2
is_made_of_iron,4.0588235294117645
is_made_of_pottery,27.666666666666668
is_made_of_rubber,42.0
is_made_of_sand,27.666666666666668
is_made_of_steel,4.0588235294117645
is_made_of_textile,42.0
is_made_of_wood_or_metal,1.3243243243243243
is_manned,6.818181818181818
is_mediaeval,8.555555555555555
is_melodious,20.5
is_modern,7.6
is_multifunctional,4.733333333333333
is_narrow,7.6
is_not_easy_to_come_by,8.555555555555555
is_not_edible,1.15
is_not_expensive,3.0952380952380953
is_not_for_children,1.7741935483870968
is_not_popular_among_many_people,6.818181818181818
is_not_sexy,1.15
is_not_waterproof,7.6
is_odourless,1.15
is_of_American_origin,13.333333333333334
is_often_belated,42.0
is_often_decorative,11.285714285714286
is_often_hot_inside,6.166666666666667
is_often_indispensable,4.733333333333333
is_old-fashioned,5.615384615384615
is_oval,27.666666666666668
is_painted,2.739130434782609
is_part_of_a_company,11.285714285714286
is_part_of_a_drumset,42.0
is_part_of_percussion,42.0
is_part_of_the_cutlery,42.0
is_part_of_the_ear,42.0
is_part_of_the_turtle,85.0
is_played_by_a_drummer,42.0
is_played_during_concerts,13.333333333333334
is_played_while_sitting,16.2
is_played_while_standing,16.2
is_played_with_a_plectrum,85.0
is_pleasant,16.2
is_pleasant,7.6
is_pliable,16.2
is_polluting,7.6
is_popular__,1.8666666666666667
is_popular_in_the_Netherlands,85.0
is_powerful,3.3
is_primitive,5.615384615384615
is_put_in_the_mouth,42.0
is_put_on_the_fire,20.5
is_rare,42.0
is_rectangular,11.285714285714286
is_red,4.375
is_related_to_a_guitar,85.0
is_related_to_the_violin,85.0
is_relaxing,6.166666666666667
is_romantic,20.5
is_round,6.818181818181818
is_sexy,42.0
is_sharp,13.333333333333334
is_silver-coloured,2.185185185185185
is_slippery,2.44
is_slower_than_a_car,13.333333333333334
is_small,4.375
is_smaller_than_a_lorry,1.457142857142857
is_smaller_than_a_soup_spoon,85.0
is_soft,42.0
is_sold_in_a_hardware_store,6.818181818181818
is_sold_in_Brico_(particular_hardware_store),6.818181818181818
is_southern,85.0
is_spherical,13.333333333333334
is_square,27.666666666666668
is_stainless,1.3888888888888888
is_stored_in_a_box,7.6
is_straight,4.733333333333333
is_striped,7.6
is_strong,2.3076923076923075
is_synthetic,6.166666666666667
is_tall,9.75
is_thick,9.75
is_thin,6.166666666666667
is_thrown,27.666666666666668
is_tiring_to_use,8.555555555555555
is_to_be_used_outside,4.375
is_transparent,20.5
is_trimmed_with_lace,85.0
is_trown_away,27.666666666666668
is_ugly,42.0
is_unwieldy,4.0588235294117645
is_used_in_combination_with_other_instruments,13.333333333333334
is_used_to_beat_on,27.666666666666668
is_used_to_beat_with,42.0
is_used_to_chop_wood,85.0
is_used_to_cover_yourself,85.0
is_used_to_cut,85.0
is_used_to_cut_things_in_two,27.666666666666668
is_used_to_drive,13.333333333333334
is_used_to_hang_something_on,85.0
is_used_to_hang_things_on_the_wall,85.0
is_used_to_keep_you_warm,85.0
is_used_to_make_a_(tree)_cabin,27.666666666666668
is_used_to_plough_the_land,42.0
is_used_to_protect_you,85.0
is_used_to_shoot,85.0
is_used_to_spread_(butter_bread),85.0
is_useful,1.5294117647058822
is_useful_in_a_forest,27.666666666666668
is_violent,16.2
is_warm,42.0
is_warm_in_winter,16.2
is_waterproof,2.0714285714285716
is_white,5.615384615384615
is_wide,6.166666666666667
is_worn_around_the_shoulders,85.0
is_yellow,13.333333333333334
it_has_screws_in_it,2.739130434782609
it_is_absorbent,13.333333333333334
its_vibrations_produce_sounds,3.526315789473684
lasts_long,1.606060606060606
leaves_from_airport,42.0
lies_in_a_drawer,20.5
lies_in_a_garden_house,7.6
lies_in_the_cupboard,6.818181818181818
lies_next_to_plate,27.666666666666668
lies_on_a_roof,85.0
looks_sportive,20.5
looks_tough,4.375
made_of_fibres,42.0
made_of_metal,1.606060606060606
made_of_plastic,3.7777777777777777
made_of_stone,11.285714285714286
made_of_synthetic_material,1.9655172413793103
made_of_wood,5.615384615384615
made_of_wood_and_metal,4.733333333333333
makes_a_bass_noise,42.0
makes_a_buzzing_sound,16.2
makes_a_humming_sound,9.75
makes_a_humming_sound,8.555555555555555
makes_a_nice_sound/noise,13.333333333333334
makes_a_peeping_sound,85.0
makes_a_piercing_noise,27.666666666666668
makes_a_special_noise,4.733333333333333
makes_catching_things_easier,27.666666666666668
makes_old_bread_tasteful_again,85.0
makes_peacefull_music,27.666666666666668
means_residential_area_when_in_a_compound_with_'built',85.0
men_think_it_is_sexy,85.0
mirrors,13.333333333333334
most_of_the_time_is_filled_completely,8.555555555555555
moves/sails_on_the_sea_or_on_another_water,27.666666666666668
moves/sails_on_the_water,27.666666666666668
moves/sails_under_water,42.0
needs_to_be_cleaned_after_use,6.166666666666667
needs_to_be_cleaned_sometimes,1.15
needs_to_be_filled,27.666666666666668
needs_to_be_washed,2.5833333333333335
needs_to_be_washed_in_water_of_30Â°_celcius,7.6
not_everyone_has_it,1.15
not_nice_to_use,20.5
not_used_much,5.142857142857143
occurs_in_a_choir,27.666666666666668
occurs_in_a_saying,20.5
occurs_in_comic_books,1.15
occurs_in_films,1.15
occurs_in_indian_culture,42.0
occurs_in_many_(music)bands,20.5
occurs_often_in_films,6.818181818181818
often_contains_plants,85.0
often_covered_with_grafitti,85.0
often_found_to_be_frightening,13.333333333333334
often_played_in_a_church,85.0
often_robbed,42.0
often_seen_at_the_coast,20.5
often_seen_in_beauty_parlors,85.0
often_stolen,42.0
often_used__,1.5294117647058822
often_used_at_camp_sites,85.0
often_used_by_street_musicians,27.666666666666668
often_used_by_students,4.733333333333333
often_used_in_blues_music,42.0
oil_comes_out_of_it,9.75
one_can_drink_out_of_it,27.666666666666668
one_can_eat_out_of_it,20.5
one_can_lie_upon_it,42.0
one_has_to_learn_how_to_play,13.333333333333334
operated_by_a_pilot,16.2
pieces_of_bread_jump_out_of_it,85.0
played_by_a_musician,13.333333333333334
played_by_a_single_person,13.333333333333334
played_by_gipsies,27.666666666666668
played_by_men,16.2
played_by_Mozart,42.0
played_in_a_brass_band,13.333333333333334
played_seldomly,85.0
played_with_a_bow,85.0
played_with_a_stick_(sticks),42.0
played_with_the_fingers,20.5
played_with_the_hands,13.333333333333334
played_with_the_mouth,85.0
played_with_two_hands,13.333333333333334
prevents_being_naked,85.0
primarily_played_by_girls,27.666666666666668
produces_a_bang,85.0
produces_a_hole_in_the_wall,85.0
produces_a_lot_of_sound,6.166666666666667
produces_a_lot_of_wind,42.0
produces_an_irritating_noise,11.285714285714286
produces_different_sounds,4.733333333333333
produces_dust,20.5
produces_fumes,7.6
produces_high_pitched_sound,11.285714285714286
produces_music,13.333333333333334
produces_noise,3.3
produces_only_one_sound,27.666666666666668
produces_sound,3.3
produces_sparks,42.0
protects_against_the_sun,42.0
protects_against_the_wind,27.666666666666668
put_on_the_floor,20.5
put_on_the_table,16.2
requires_a_belt_for_wearing_it,42.0
requires_a_special_drivers_licence,7.6
requires_much_practise,5.142857142857143
requires_safety_glasses,42.0
ressembles_a_bike,85.0
ressembles_a_train,85.0
ribbed,20.5
rides_on_rails,42.0
rolls,13.333333333333334
sails,27.666666666666668
separates_liquid_from_solid_material,85.0
shines,1.9655172413793103
shrinks_when_washed,85.0
smells_like_washing_powder,85.0
smells_neutral,1.15
smells_nice,85.0
sold_in_Gamma_(particular_hardware_store),6.818181818181818
sometimes_has_soil_sticking_to_it,7.6
sometimes_played_on_the_street,20.5
sometimes_used_to_accompany_voice,20.5
sometimes_used_to_pull_out_nails,27.666666666666668
sounds_fiercely,42.0
sounds_low,85.0
sounds_nasally,85.0
stands_up_straight,85.0
steered_by_a_captain,27.666666666666668
stinks,9.75
stops_at_fixed_stops_(fixed_places),27.666666666666668
stops_in_a_station,42.0
stored_in_the_cellar,6.166666666666667
subdivided_in_A-class_and_B-class,42.0
takes_off_vertically,85.0
the_driver_is_very_vulnerable_on_the_road,42.0
the_driver_of_this_vehicle_is_behind_the_wheel_for_a_very_long_time,11.285714285714286
the_driver_wears_a_helmet,42.0
the_size_is_indicated_by_numbers,27.666666666666668
there_is_a_lot_of_space_in_it,8.555555555555555
there_is_advertising_on_it,13.333333333333334
there_is_not_much_space,13.333333333333334
there_is_soup_in_it,16.2
to_enlarge_ones_power,20.5
to_manifacture_stones,85.0
to_manifacture_wood,20.5
to_mine_gold,85.0
to_span_nuts,42.0
transports_children,13.333333333333334
transports_goods,9.75
transports_illegal_immigrants,27.666666666666668
transports_persons,7.6
transports_persons_or_goods,6.818181818181818
used_after_washing,85.0
used_as_a_dose_measure,85.0
used_as_a_toy,13.333333333333334
used_as_decoration,42.0
used_at_a_ramp,85.0
used_at_farms,11.285714285714286
used_at_parties,11.285714285714286
used_at_the_scouts,4.733333333333333
used_at_the_table,9.75
used_by_a_police_officer,20.5
used_by_a_witch,85.0
used_by_artists,42.0
used_by_boys,27.666666666666668
used_by_burglars,16.2
used_by_carpenters,11.285714285714286
used_by_carpenters,11.285714285714286
used_by_children,13.333333333333334
used_by_cooks,6.166666666666667
used_by_criminals,20.5
used_by_crooks,20.5
used_by_doctors,42.0
used_by_everybody,4.375
used_by_farmers,11.285714285714286
used_by_firemen,13.333333333333334
used_by_handymen,6.818181818181818
used_by_indians,42.0
used_by_knights,85.0
used_by_lumber_jackers,27.666666666666668
used_by_mechanics,16.2
used_by_men,1.9655172413793103
used_by_mothers,6.166666666666667
used_by_painters,85.0
used_by_pirates,42.0
used_by_police_men,16.2
used_by_rich_persons,42.0
used_by_Robin_Hood,85.0
used_by_sculptors,27.666666666666668
used_by_smiths,42.0
used_by_soldiers,20.5
used_by_strong_men,4.733333333333333
used_by_the_handyman,6.166666666666667
used_by_tradesmen,6.818181818181818
used_by_work_forces,3.526315789473684
used_by_workers,4.733333333333333
used_by_young_people,16.2
used_daily,4.375
used_during_war,16.2
used_for_a_wedding,16.2
used_for_cleansing,85.0
used_for_competitions,20.5
used_for_cooking,8.555555555555555
used_for_cutting_meat,42.0
used_for_fishing,42.0
used_for_grinding,27.666666666666668
used_for_hold-ups,27.666666666666668
used_for_lifting_heavy_objects,27.666666666666668
used_for_long_distances,7.6
used_for_making_pasta,20.5
used_for_murding,27.666666666666668
used_for_racing,20.5
used_for_research,42.0
used_for_rock_music,27.666666666666668
used_for_school,13.333333333333334
used_for_short_distances,11.285714285714286
used_for_shoveling,42.0
used_for_spaghetti,13.333333333333334
used_for_stabbing,42.0
used_for_tinkering,13.333333333333334
used_for_torturing,20.5
used_for_traveling,11.285714285714286
used_for_windows,85.0
used_in_a_fight,13.333333333333334
used_in_a_restaurant,6.166666666666667
used_in_autumn,85.0
used_in_class_rooms,85.0
used_in_combination_with_a_hamer,85.0
used_in_construction,4.733333333333333
used_in_different_cultures,1.15
used_in_farming,11.285714285714286
used_in_folk_dance,20.5
used_in_folk_music,13.333333333333334
used_in_folk_music,20.5
used_in_games,20.5
used_in_jazz_music,16.2
used_in_many_different_musical_styles,13.333333333333334
used_in_pop_music,16.2
used_in_rescue_operations,13.333333333333334
used_in_sports,42.0
used_in_summer,27.666666666666668
used_in_the_army,6.166666666666667
used_in_the_bathroom,85.0
used_in_the_garden,20.5
used_in_the_house,4.0588235294117645
used_in_the_kitchen,6.166666666666667
used_in_the_Mass,85.0
used_in_the_Middle_Ages,3.0952380952380953
used_in_the_sandbox,42.0
used_in_the_snow,85.0
used_in_traditional_music,16.2
used_in_water,27.666666666666668
used_in_winter,27.666666666666668
used_on_a_yard,7.6
used_on_vacation,11.285714285714286
used_solo,2.5833333333333335
used_to_announce_something,85.0
used_to_attach_things,27.666666666666668
used_to_bake,27.666666666666668
used_to_beat,42.0
used_to_blend_things,42.0
used_to_chop_trees,85.0
used_to_cook_good_food_in,20.5
used_to_cultivate_the_soil,42.0
used_to_detach_something,13.333333333333334
used_to_dig,85.0
used_to_do_the_dishes,85.0
used_to_dry_things_with,85.0
used_to_eat_corn_flakes,27.666666666666668
used_to_eat_with,16.2
used_to_eat_yoghurt,42.0
used_to_go_somewhere_invisibly,85.0
used_to_grasp_something,27.666666666666668
used_to_guide_traffic,42.0
used_to_hack,42.0
used_to_hunt,85.0
used_to_make_coffee,42.0
used_to_make_pancakes,20.5
used_to_make_sand_castles,85.0
used_to_make_sauces,16.2
used_to_make_soup,20.5
used_to_make_war,13.333333333333334
used_to_mix_food,85.0
used_to_open_things,20.5
used_to_paint,85.0
used_to_put_sugar_in_coffee,42.0
used_to_run_on_steam,85.0
used_to_saw_something_in_two,85.0
used_to_smeer_bread,85.0
used_to_sow,42.0
used_to_store_food,42.0
used_to_store_things,42.0
used_to_toast_bread,85.0
used_to_travel_around_the_world,16.2
used_to_turn_over/spade_the_ground,42.0
used_to_warm_things_up,42.0
used_to_work_in_the_garden,16.2
used_to_work_with,6.818181818181818
used_together_with_knife,42.0
used_when_you_bake_cake,20.5
used_when_you_drink_tea,42.0
used_when_you_eat_soup,27.666666666666668
used_with_your_hands,1.8666666666666667
uses_a_license,7.6
uses_fuel,7.6
uses_kerosine,85.0
using_it_gives_you_a_kick,20.5
using_it_is_fun,6.166666666666667
usually_drives_on_the_right_side_of_a_highway,42.0
usually_has_a_cruise_control_system_(auto-pilot),9.75
usually_used_in_the_morning,16.2
vibrates,3.526315789473684
was_used_in_early_ages,7.6
was_used_in_mines,20.5
was_used_in_the_past,1.15
water_permeable,11.285714285714286
wearing_a_helmet_is_obligatory,85.0
weighs_much,3.0952380952380953
whistles_when_water_boils,85.0
works_fast,85.0
works_on_batteries,85.0
works_on_electricity,20.5
works_on_petrol,7.6
works_with_air,27.666666666666668
you_can_also_make_ornaments_with_it,42.0
you_can_bust_things_with_it,6.818181818181818
you_can_do_tricks_with_it,9.75
you_can_eat_desserts_with_it,85.0
you_can_fall_with_it,85.0
you_can_get_injured_by_it,3.526315789473684
you_can_get_sick_on_it,11.285714285714286
you_can_injure_someone_with_it,3.526315789473684
you_can_kill_someone_with_it,5.142857142857143
you_can_learn_it_in_a_school_of_music,13.333333333333334
you_can_live_in_it,85.0
you_can_make_dough_with_it,27.666666666666668
you_can_make_things_with_it,13.333333333333334
you_can_order_it_by_calling_it,85.0
you_can_play_different_notes_whit_it,16.2
you_can_play_songs_on_it,20.5
you_can_play_with_it,9.75
you_can_pull_it_(open)_and_push_it,27.666666666666668
you_can_put_a_belt_in_it,85.0
you_can_put_flowers_in_it,27.666666666666668
you_can_repair_with_it,16.2
you_can_see_it_in_big_cities,11.285714285714286
you_can_see_it_in_Bruge,13.333333333333334
you_can_see_it_in_the_sea,27.666666666666668
you_can_sift_flour_with_it,85.0
you_can_tie_a_knot_in_it,85.0
you_can_transport_things_with_it,6.166666666666667
you_don't_have_to_peddle,1.205128205128205
you_don't_see_it_frequently,20.5
you_especially_see_it_at_night,42.0
you_especially_see_it_in_the_city,11.285714285714286
you_have_to_be_able_to_read_notes_for_it,16.2
you_have_to_be_strong_to_use_it,13.333333333333334
you_have_to_blow_on_it,42.0
you_have_to_have_good_lungs,85.0
you_have_to_hold_it_diagonally,20.5
you_have_to_pay_for_it,1.205128205128205
you_have_to_peddle,85.0
you_have_to_place_it_to_your_lips,16.2
you_have_to_push_it_forward,85.0
you_have_to_read_music-scores,13.333333333333334
you_have_to_sit,5.615384615384615
you_have_to_stand_up,8.555555555555555
you_need_much_breath_for_this,85.0
you_play_chords_on_it,20.5
you_play_musical_notes_on_it,16.2
you_play_rhythms_on_it,13.333333333333334
you_put_butter_in_it,20.5
you_put_oil_in_it,8.555555555555555
you_ride_it_on_the_cycle_path,85.0
you_roast_meat_in_it,42.0
you're_sitting_higher_in_it_than_in_a_car,11.285714285714286
